utc,role,wip,phase
2026-10-04 14:56,user,False,setup
2026-10-04 15:22,user,False,setup
2026-10-04 16:07,agent,False,privacy
2026-10-04 16:37,agent,False,privacy
2026-10-04 16:54,agent,True,privacy
2026-10-04 17:08,agent,True,privacy
2026-10-04 17:08,agent,False,privacy
2026-10-04 17:13,agent,True,privacy
2026-10-04 17:36,agent,False,privacy
2026-10-04 17:50,agent,False,privacy
2026-10-04 17:51,agent,False,privacy
2026-10-04 18:00,agent,False,privacy
2026-10-04 18:23,agent,False,privacy
2026-10-04 18:38,agent,False,privacy
2026-10-04 18:47,agent,False,privacy
2026-10-04 18:48,agent,False,privacy
2026-10-04 18:55,agent,False,privacy
2026-10-04 20:43,agent,False,privacy
2026-10-04 20:59,agent,False,privacy
2026-10-04 21:00,agent,False,privacy
2026-10-04 21:29,agent,False,privacy
2026-10-05 22:14,agent,True,tictactoe
2026-10-05 22:16,agent,False,tictactoe
2026-10-05 22:20,agent,False,tictactoe
2026-10-05 22:23,agent,False,tictactoe
2026-10-05 22:56,agent,False,tictactoe
2026-10-05 22:56,agent,True,tictactoe
2026-10-05 22:56,agent,True,tictactoe
2026-10-05 23:04,agent,False,tictactoe
2026-10-05 23:07,agent,False,tictactoe
2026-10-05 23:14,agent,False,tictactoe
2026-10-05 23:14,agent,False,tictactoe
2026-10-05 23:20,agent,False,tictactoe
2026-10-05 23:26,agent,False,tictactoe
2026-10-05 23:42,agent,False,tictactoe
2026-10-05 23:45,agent,False,tictactoe
2026-10-05 23:45,agent,True,tictactoe
2026-10-05 23:56,agent,False,tictactoe
2026-10-05 23:57,agent,True,tictactoe
2026-10-05 23:59,agent,False,tictactoe
2026-10-05 23:59,agent,True,tictactoe
2026-10-05 23:59,agent,True,tictactoe
2026-10-06 00:05,agent,False,tictactoe
2026-10-06 00:07,agent,False,tictactoe
2026-10-06 00:09,agent,False,tictactoe
2026-10-06 00:23,agent,False,tictactoe
2026-10-06 00:35,agent,False,tictactoe
2026-10-06 00:35,agent,False,tictactoe
2026-10-06 00:35,agent,True,tictactoe
2026-10-06 00:43,agent,False,tictactoe
2026-10-06 00:44,agent,False,tictactoe
2026-10-06 01:00,agent,False,tictactoe
2026-10-06 01:56,agent,False,chinese
2026-10-06 01:56,agent,False,chinese
2026-10-06 03:36,agent,False,chinese
2026-10-06 03:38,agent,False,chinese
2026-10-06 04:51,agent,False,chinese
2026-10-06 07:52,agent,True,chinese
2026-10-06 07:54,agent,False,chinese
2026-10-06 07:55,agent,False,chinese
2026-10-06 08:48,agent,False,chinese
2026-10-06 08:48,agent,True,chinese
2026-10-06 09:15,agent,False,chinese
2026-10-06 09:15,agent,True,chinese
2026-10-06 10:01,agent,False,chinese
2026-10-06 10:03,agent,False,chinese
2026-10-06 12:53,agent,True,chinese
2026-10-06 13:01,agent,False,chinese
2026-10-06 13:04,agent,False,chinese
2026-10-06 13:05,agent,True,chinese
2026-10-06 13:09,agent,True,chinese
2026-10-06 13:17,agent,False,chinese
2026-10-06 13:17,agent,True,chinese
2026-10-06 14:02,agent,False,chinese
2026-10-06 14:02,agent,False,chinese
2026-10-06 14:03,agent,True,chinese
2026-10-06 14:44,agent,True,chinese
2026-10-06 14:49,agent,False,chinese
2026-10-06 14:49,agent,True,chinese
2026-10-06 14:56,agent,False,chinese
2026-10-06 14:56,agent,False,chinese
2026-10-06 15:10,agent,False,chinese
2026-10-06 15:13,agent,False,chinese
2026-10-06 15:21,agent,False,chinese
2026-10-06 15:22,agent,True,chinese
2026-10-06 15:22,agent,True,chinese
2026-10-06 15:31,agent,False,chinese
2026-10-06 15:31,agent,True,chinese
2026-10-06 15:42,agent,False,chinese
2026-10-06 17:52,agent,False,chinese
2026-10-06 17:55,agent,False,chinese
2026-10-06 17:55,agent,True,chinese
2026-10-07 02:17,agent,False,chinese
2026-10-07 02:32,agent,False,chinese
2026-10-07 04:46,agent,False,chinese
2026-10-07 05:58,agent,True,chinese
2026-10-07 06:27,agent,True,chinese
2026-10-07 20:10,agent,True,chinese
