t,rms
0.00,0.00000
0.02,0.00012
0.04,0.01824
0.06,0.09453
0.08,0.08551
0.10,0.05628
0.12,0.13266
0.14,0.13079
0.16,0.12849
0.18,0.11101
0.20,0.08235
0.22,0.05628
0.24,0.03437
0.26,0.01182
0.28,0.00494
0.30,0.00354
0.32,0.00223
0.34,0.00198
0.36,0.00284
0.38,0.00970
0.40,0.01400
0.42,0.02799
0.44,0.04739
0.46,0.06656
0.48,0.06946
0.50,0.06768
0.52,0.08179
0.54,0.06608
0.56,0.03621
0.58,0.02651
0.60,0.02855
0.62,0.02953
0.64,0.07070
0.66,0.10403
0.68,0.09504
0.70,0.07601
0.72,0.09673
0.74,0.09395
0.76,0.08650
0.78,0.04937
0.80,0.01926
0.82,0.04584
0.84,0.07067
0.86,0.08120
0.88,0.08125
0.90,0.05866
0.92,0.03314
0.94,0.01454
0.96,0.00500
0.98,0.04190
1.00,0.05214
1.02,0.04150
1.04,0.05371
1.06,0.05113
1.08,0.04003
1.10,0.06495
1.12,0.03386
1.14,0.00250
1.16,0.00708
1.18,0.02059
1.20,0.03333
1.22,0.02940
1.24,0.02781
1.26,0.00136
1.28,0.03275
1.30,0.04111
1.32,0.05130
1.34,0.04617
1.36,0.03977
1.38,0.03167
1.40,0.01085
1.42,0.00101
1.44,0.00042
1.46,0.01764
1.48,0.06265
1.50,0.05264
1.52,0.02706
1.54,0.01521
1.56,0.01272
1.58,0.09216
1.60,0.08294
1.62,0.07319
1.64,0.06391
1.66,0.05965
1.68,0.05544
1.70,0.02662
1.72,0.00366
1.74,0.00193
1.76,0.00106
1.78,0.00249
1.80,0.06779
1.82,0.10478
1.84,0.09610
1.86,0.09239
1.88,0.06905
1.90,0.07516
1.92,0.07075
1.94,0.08014
1.96,0.07214
1.98,0.06890
2.00,0.06589
2.02,0.04895
2.04,0.03423
2.06,0.03793
2.08,0.03529
2.10,0.03656
2.12,0.07046
2.14,0.06924
2.16,0.06224
2.18,0.06304
2.20,0.05826
2.22,0.03592
2.24,0.02051
2.26,0.02237
2.28,0.00678
2.30,0.00057
2.32,0.00019
2.34,0.00024
2.36,0.04706
2.38,0.06088
2.40,0.07956
2.42,0.07887
2.44,0.06019
2.46,0.05422
2.48,0.02756
2.50,0.00229
2.52,0.01402
2.54,0.01318
2.56,0.01920
2.58,0.01510
2.60,0.04214
2.62,0.07441
2.64,0.06451
2.66,0.06406
2.68,0.06735
2.70,0.06486
2.72,0.05056
2.74,0.01866
2.76,0.02755
2.78,0.05121
2.80,0.06983
2.82,0.06587
2.84,0.07065
2.86,0.03421
2.88,0.01182
2.90,0.03461
2.92,0.01471
2.94,0.00259
2.96,0.00036
2.98,0.00032
3.00,0.04464
3.02,0.06476
3.04,0.07973
3.06,0.07668
3.08,0.07183
3.10,0.07145
3.12,0.08103
3.14,0.07655
3.16,0.01748
3.18,0.04385
3.20,0.04614
3.22,0.03705
3.24,0.03320
3.26,0.03029
3.28,0.02830
3.30,0.03322
3.32,0.04105
3.34,0.02908
3.36,0.00432
3.38,0.00100
3.40,0.00057
3.42,0.00078
3.44,0.00111
3.46,0.00131
3.48,0.00119
3.50,0.00124
3.52,0.00104
3.54,0.00093
3.56,0.00085
3.58,0.00068
3.60,0.00049
3.62,0.00039
3.64,0.00022
3.66,0.00034
3.68,0.00020
3.70,0.00015
3.72,0.01141
3.74,0.01046
3.76,0.03072
3.78,0.03173
3.80,0.07152
3.82,0.12499
3.84,0.12688
3.86,0.11664
3.88,0.10778
3.90,0.09273
3.92,0.08843
3.94,0.03226
3.96,0.02860
3.98,0.02245
4.00,0.06099
4.02,0.09593
4.04,0.05224
4.06,0.03728
4.08,0.02117
4.10,0.00828
4.12,0.00937
4.14,0.08369
4.16,0.10203
4.18,0.09493
4.20,0.08990
4.22,0.08529
4.24,0.07917
4.26,0.05979
4.28,0.03624
4.30,0.04064
4.32,0.03461
4.34,0.05050
4.36,0.10796
4.38,0.10035
4.40,0.09997
4.42,0.08990
4.44,0.07272
4.46,0.05005
4.48,0.05302
4.50,0.04638
4.52,0.03844
4.54,0.05826
4.56,0.07176
4.58,0.08071
4.60,0.09024
4.62,0.08173
4.64,0.07906
4.66,0.08178
4.68,0.08178
4.70,0.07863
4.72,0.08235
4.74,0.07093
4.76,0.07524
4.78,0.06756
4.80,0.06897
4.82,0.06083
4.84,0.06321
4.86,0.03405
4.88,0.02256
4.90,0.01638
4.92,0.03433
4.94,0.04376
4.96,0.03141
4.98,0.01932
5.00,0.00438
5.02,0.02737
5.04,0.06510
5.06,0.07548
5.08,0.08370
5.10,0.08492
5.12,0.08967
5.14,0.06706
5.16,0.05316
5.18,0.04304
5.20,0.03309
5.22,0.02109
5.24,0.03245
5.26,0.03552
5.28,0.02963
5.30,0.02958
5.32,0.01931
5.34,0.01970
5.36,0.01224
5.38,0.01413
5.40,0.01148
5.42,0.01197
5.44,0.00517
5.46,0.00150
5.48,0.00038
5.50,0.00010
5.52,0.00007
5.54,0.00005
5.56,0.00006
5.58,0.00006
5.60,0.00005
5.62,0.00004
5.64,0.00005
5.66,0.00004
5.68,0.00004
5.70,0.00005
5.72,0.00004
5.74,0.00004
5.76,0.00004
5.78,0.00004
5.80,0.00003
5.82,0.00004
5.84,0.00003
5.86,0.00003
5.88,0.00004
5.90,0.00004
5.92,0.00007
5.94,0.00008
5.96,0.00038
5.98,0.05665
6.00,0.11754
6.02,0.11304
6.04,0.06754
6.06,0.05910
6.08,0.06578
6.10,0.06153
6.12,0.13555
6.14,0.09435
6.16,0.01853
6.18,0.00686
6.20,0.00912
6.22,0.00883
6.24,0.00138
6.26,0.00838
6.28,0.09709
6.30,0.02638
6.32,0.00325
6.34,0.00096
6.36,0.01088
6.38,0.00646
6.40,0.00364
6.42,0.06424
6.44,0.09428
6.46,0.09048
6.48,0.08915
6.50,0.08157
6.52,0.07899
6.54,0.06962
6.56,0.06956
6.58,0.06690
6.60,0.07044
6.62,0.06732
6.64,0.06356
6.66,0.06226
6.68,0.05665
6.70,0.03977
6.72,0.03865
6.74,0.04268
6.76,0.04478
6.78,0.01729
6.80,0.00085
6.82,0.01443
6.84,0.01257
6.86,0.01829
6.88,0.02561
6.90,0.06112
6.92,0.07547
6.94,0.05278
6.96,0.00466
6.98,0.00086
7.00,0.00399
7.02,0.00054
7.04,0.01415
7.06,0.03311
7.08,0.00414
7.10,0.00037
7.12,0.00789
7.14,0.01605
7.16,0.08392
7.18,0.09587
7.20,0.08201
7.22,0.08124
7.24,0.06991
7.26,0.06143
7.28,0.06393
7.30,0.05499
7.32,0.05276
7.34,0.05315
7.36,0.04855
7.38,0.04818
7.40,0.04737
7.42,0.03717
7.44,0.03124
7.46,0.01202
7.48,0.03230
7.50,0.05480
7.52,0.06083
7.54,0.05316
7.56,0.03578
7.58,0.02426
7.60,0.00518
7.62,0.00773
7.64,0.00554
7.66,0.01084
7.68,0.01898
7.70,0.04248
7.72,0.04647
7.74,0.03823
7.76,0.01435
7.78,0.01200
7.80,0.05587
7.82,0.04254
7.84,0.02662
7.86,0.01594
7.88,0.02899
7.90,0.05087
7.92,0.03016
7.94,0.02415
7.96,0.02073
7.98,0.01888
8.00,0.01268
8.02,0.00397
8.04,0.01293
8.06,0.01178
8.08,0.00937
8.10,0.00683
8.12,0.00446
8.14,0.00123
8.16,0.00042
8.18,0.00015
8.20,0.00007
8.22,0.00004
8.24,0.00000
8.26,0.00000
8.28,0.00000
8.30,0.00000
8.32,0.00000
8.34,0.00000
8.36,0.00000
8.38,0.00000
8.40,0.00000
8.42,0.00000
8.44,0.00000
8.46,0.00000
8.48,0.00000
8.50,0.00000
8.52,0.00000
8.54,0.00007
8.56,0.00026
8.58,0.05194
8.60,0.10973
8.62,0.04895
8.64,0.01302
8.66,0.00844
8.68,0.00711
8.70,0.00594
8.72,0.00740
8.74,0.06083
8.76,0.11088
8.78,0.11196
8.80,0.12379
8.82,0.13386
8.84,0.11377
8.86,0.12511
8.88,0.10661
8.90,0.06219
8.92,0.01432
8.94,0.03662
8.96,0.10822
8.98,0.10660
9.00,0.09488
9.02,0.09822
9.04,0.08496
9.06,0.02956
9.08,0.00459
9.10,0.00079
9.12,0.02906
9.14,0.05333
9.16,0.06372
9.18,0.06412
9.20,0.04706
9.22,0.03695
9.24,0.04364
9.26,0.04396
9.28,0.04081
9.30,0.00571
9.32,0.00038
9.34,0.00736
9.36,0.05081
9.38,0.07451
9.40,0.05565
9.42,0.04791
9.44,0.04673
9.46,0.04372
9.48,0.04100
9.50,0.04470
9.52,0.04146
9.54,0.04640
9.56,0.04143
9.58,0.04206
9.60,0.02651
9.62,0.03516
9.64,0.03236
9.66,0.02519
9.68,0.00081
9.70,0.01339
9.72,0.00871
9.74,0.06170
9.76,0.08734
9.78,0.08321
9.80,0.04352
9.82,0.05313
9.84,0.05742
9.86,0.05100
9.88,0.02496
9.90,0.00813
9.92,0.00685
9.94,0.00443
9.96,0.00399
9.98,0.00426
10.00,0.04424
10.02,0.09043
10.04,0.09219
10.06,0.07391
10.08,0.07213
10.10,0.06089
10.12,0.05995
10.14,0.05740
10.16,0.05247
10.18,0.06333
10.20,0.06447
10.22,0.03288
10.24,0.00993
10.26,0.01324
10.28,0.03534
10.30,0.01752
10.32,0.02473
10.34,0.06435
10.36,0.07564
10.38,0.08026
10.40,0.06535
10.42,0.05276
10.44,0.01893
10.46,0.00470
10.48,0.00577
10.50,0.00450
10.52,0.00309
10.54,0.00311
10.56,0.00400
10.58,0.05017
10.60,0.08520
10.62,0.07609
10.64,0.07922
10.66,0.08598
10.68,0.08210
10.70,0.08182
10.72,0.08023
10.74,0.05709
10.76,0.01173
10.78,0.00090
10.80,0.02889
10.82,0.01471
10.84,0.02158
10.86,0.01929
10.88,0.05081
10.90,0.07044
10.92,0.06853
10.94,0.07064
10.96,0.07282
10.98,0.07813
11.00,0.07974
11.02,0.08309
11.04,0.09201
11.06,0.08068
11.08,0.04467
11.10,0.04549
11.12,0.04150
11.14,0.01268
11.16,0.00113
11.18,0.00040
11.20,0.00864
11.22,0.02256
11.24,0.02699
11.26,0.05754
11.28,0.07039
11.30,0.06297
11.32,0.06353
11.34,0.06154
11.36,0.01758
11.38,0.00187
11.40,0.03860
11.42,0.01221
11.44,0.01742
11.46,0.03464
11.48,0.05118
11.50,0.05128
11.52,0.05768
11.54,0.05189
11.56,0.05408
11.58,0.05815
11.60,0.05263
11.62,0.05542
11.64,0.06150
11.66,0.05120
11.68,0.03406
11.70,0.03669
11.72,0.03135
11.74,0.01628
11.76,0.00043
11.78,0.00019
11.80,0.04138
11.82,0.04674
11.84,0.01758
11.86,0.03638
11.88,0.09030
11.90,0.07799
11.92,0.06787
11.94,0.02675
11.96,0.00289
11.98,0.03588
12.00,0.01507
12.02,0.02154
12.04,0.04517
12.06,0.05031
12.08,0.04728
12.10,0.04899
12.12,0.04916
12.14,0.04635
12.16,0.04735
12.18,0.04545
12.20,0.04698
12.22,0.05010
12.24,0.04425
12.26,0.02750
12.28,0.03159
12.30,0.01405
12.32,0.00951
12.34,0.01960
12.36,0.02600
12.38,0.04803
12.40,0.06844
12.42,0.07407
12.44,0.05723
12.46,0.04967
12.48,0.04099
12.50,0.03038
12.52,0.02854
12.54,0.01383
12.56,0.01106
12.58,0.02245
12.60,0.00791
12.62,0.02081
12.64,0.00691
12.66,0.00088
12.68,0.00034
12.70,0.00027
12.72,0.00037
12.74,0.00038
12.76,0.00045
12.78,0.00048
12.80,0.00039
12.82,0.00036
12.84,0.00035
12.86,0.00030
12.88,0.00028
12.90,0.00023
12.92,0.00017
12.94,0.00016
12.96,0.00009
12.98,0.00021
13.00,0.00523
13.02,0.01531
13.04,0.03266
13.06,0.02900
13.08,0.08274
13.10,0.10210
13.12,0.09626
13.14,0.05772
13.16,0.01082
13.18,0.00154
13.20,0.00076
13.22,0.03226
13.24,0.02242
13.26,0.01319
13.28,0.00693
13.30,0.00356
13.32,0.00657
13.34,0.11038
13.36,0.09726
13.38,0.08883
13.40,0.09218
13.42,0.10684
13.44,0.08236
13.46,0.08140
13.48,0.07994
13.50,0.03794
13.52,0.00907
13.54,0.00526
13.56,0.00521
13.58,0.00568
13.60,0.04521
13.62,0.07907
13.64,0.08189
13.66,0.06757
13.68,0.06366
13.70,0.05699
13.72,0.05366
13.74,0.05185
13.76,0.03547
13.78,0.02145
13.80,0.03455
13.82,0.06378
13.84,0.04809
13.86,0.03778
13.88,0.02942
13.90,0.02525
13.92,0.01814
13.94,0.01493
13.96,0.01505
13.98,0.00455
14.00,0.01165
14.02,0.00842
14.04,0.00719
14.06,0.00538
14.08,0.02302
14.10,0.03343
14.12,0.03402
14.14,0.03083
14.16,0.02277
14.18,0.00751
14.20,0.00084
14.22,0.00014
14.24,0.00003
14.26,0.00001
14.28,0.00000
14.30,0.00000
14.32,0.00000
14.34,0.00000
14.36,0.00000
14.38,0.00000
14.40,0.00000
14.42,0.00000
14.44,0.00000
14.46,0.00000
14.48,0.00000
14.50,0.00000
14.52,0.00000
14.54,0.00000
14.56,0.00000
14.58,0.00006
14.60,0.00101
14.62,0.01009
14.64,0.02277
14.66,0.03792
14.68,0.02959
14.70,0.11948
14.72,0.12410
14.74,0.10397
14.76,0.03964
14.78,0.02418
14.80,0.06053
14.82,0.14674
14.84,0.10820
14.86,0.08699
14.88,0.03820
14.90,0.05884
14.92,0.06048
14.94,0.03594
14.96,0.01053
14.98,0.00176
15.00,0.05710
15.02,0.10159
15.04,0.10884
15.06,0.10330
15.08,0.09395
15.10,0.08960
15.12,0.09474
15.14,0.09555
15.16,0.09922
15.18,0.06839
15.20,0.01212
15.22,0.02092
15.24,0.07916
15.26,0.07540
15.28,0.07868
15.30,0.05761
15.32,0.05860
15.34,0.05051
15.36,0.05219
15.38,0.05484
15.40,0.05116
15.42,0.05151
15.44,0.05278
15.46,0.05059
15.48,0.05344
15.50,0.05176
15.52,0.02990
15.54,0.00269
15.56,0.01766
15.58,0.03222
15.60,0.08437
15.62,0.09824
15.64,0.10481
15.66,0.07499
15.68,0.02712
15.70,0.00290
15.72,0.00067
15.74,0.00027
15.76,0.01489
15.78,0.00988
15.80,0.02339
15.82,0.02224
15.84,0.04112
15.86,0.05050
15.88,0.05673
15.90,0.05751
15.92,0.06434
15.94,0.05028
15.96,0.04923
15.98,0.01622
16.00,0.01595
16.02,0.01848
16.04,0.04419
16.06,0.05337
16.08,0.04079
16.10,0.01691
16.12,0.00953
16.14,0.00150
16.16,0.00040
16.18,0.00026
16.20,0.02267
16.22,0.01300
16.24,0.00789
16.26,0.00394
16.28,0.00224
16.30,0.07240
16.32,0.07981
16.34,0.06792
16.36,0.08763
16.38,0.09252
16.40,0.08164
16.42,0.07608
16.44,0.07076
16.46,0.02835
16.48,0.00774
16.50,0.00490
16.52,0.00503
16.54,0.00543
16.56,0.04295
16.58,0.06740
16.60,0.07452
16.62,0.05497
16.64,0.04974
16.66,0.03601
16.68,0.00355
16.70,0.00981
16.72,0.02819
16.74,0.01035
16.76,0.01657
16.78,0.05026
16.80,0.06188
16.82,0.04971
16.84,0.04327
16.86,0.04059
16.88,0.03225
16.90,0.02142
16.92,0.01943
16.94,0.01365
16.96,0.01004
16.98,0.01274
17.00,0.01302
17.02,0.01691
17.04,0.01074
17.06,0.01397
17.08,0.01848
17.10,0.03599
17.12,0.03624
17.14,0.03148
17.16,0.02432
17.18,0.00947
17.20,0.00125
17.22,0.00015
17.24,0.00010
17.26,0.00009
17.28,0.00000
17.30,0.00000
17.32,0.00000
17.34,0.00000
17.36,0.00000
17.38,0.00000
17.40,0.00000
17.42,0.00000
17.44,0.00000
17.46,0.00000
17.48,0.00000
17.50,0.00000
17.52,0.00000
17.54,0.00000
17.56,0.00000
17.58,0.00000
17.60,0.00013
17.62,0.00020
17.64,0.01112
17.66,0.04453
17.68,0.09473
17.70,0.11283
17.72,0.12386
17.74,0.10337
17.76,0.03269
17.78,0.00187
17.80,0.00192
17.82,0.03594
17.84,0.05162
17.86,0.03976
17.88,0.00399
17.90,0.00071
17.92,0.01685
17.94,0.01570
17.96,0.01677
17.98,0.06865
18.00,0.10962
18.02,0.10030
18.04,0.09187
18.06,0.10567
18.08,0.11936
18.10,0.07617
18.12,0.02636
18.14,0.01798
18.16,0.08372
18.18,0.09611
18.20,0.07935
18.22,0.08013
18.24,0.07370
18.26,0.06169
18.28,0.06328
18.30,0.04879
18.32,0.03355
18.34,0.02474
18.36,0.02494
18.38,0.01790
18.40,0.00455
18.42,0.05255
18.44,0.07342
18.46,0.06295
18.48,0.06632
18.50,0.06842
18.52,0.08123
18.54,0.06792
18.56,0.07547
18.58,0.07838
18.60,0.08868
18.62,0.09191
18.64,0.09676
18.66,0.05098
18.68,0.01401
18.70,0.09276
18.72,0.10481
18.74,0.09555
18.76,0.08902
18.78,0.03022
18.80,0.00168
18.82,0.00071
18.84,0.00975
18.86,0.00984
18.88,0.00408
18.90,0.03818
18.92,0.05449
18.94,0.06430
18.96,0.06412
18.98,0.06302
19.00,0.05568
19.02,0.04424
19.04,0.02481
19.06,0.04662
19.08,0.04946
19.10,0.04118
19.12,0.04695
19.14,0.05311
19.16,0.05815
19.18,0.05458
19.20,0.03138
19.22,0.02278
19.24,0.02263
19.26,0.00668
19.28,0.00031
19.30,0.00017
19.32,0.01989
19.34,0.05181
19.36,0.06224
19.38,0.06975
19.40,0.06903
19.42,0.06368
19.44,0.06498
19.46,0.05572
19.48,0.04147
19.50,0.02048
19.52,0.02806
19.54,0.02870
19.56,0.02171
19.58,0.00259
19.60,0.02427
19.62,0.00064
19.64,0.01450
19.66,0.01369
19.68,0.04183
19.70,0.02593
19.72,0.02290
19.74,0.01731
19.76,0.01080
19.78,0.01471
19.80,0.01262
19.82,0.00684
19.84,0.00999
19.86,0.01311
19.88,0.01749
19.90,0.01333
19.92,0.01412
19.94,0.01856
19.96,0.03220
19.98,0.03028
20.00,0.02350
20.02,0.01370
20.04,0.00421
20.06,0.00068
20.08,0.00011
20.10,0.00009
20.12,0.00008
20.14,0.00000
20.16,0.00000
20.18,0.00000
20.20,0.00000
20.22,0.00000
20.24,0.00000
20.26,0.00000
20.28,0.00000
20.30,0.00000
20.32,0.00000
20.34,0.00000
20.36,0.00000
20.38,0.00000
20.40,0.00000
20.42,0.00000
20.44,0.00002
20.46,0.00017
20.48,0.00034
20.50,0.01792
20.52,0.08686
20.54,0.10222
20.56,0.10285
20.58,0.06176
20.60,0.04955
20.62,0.09701
20.64,0.12258
20.66,0.11173
20.68,0.12361
20.70,0.11244
20.72,0.08373
20.74,0.04492
20.76,0.04462
20.78,0.06228
20.80,0.05929
20.82,0.01151
20.84,0.00138
20.86,0.00800
20.88,0.02780
20.90,0.01975
20.92,0.03507
20.94,0.04437
20.96,0.07525
20.98,0.07240
21.00,0.06964
21.02,0.06983
21.04,0.06930
21.06,0.06684
21.08,0.05169
21.10,0.03528
21.12,0.01860
21.14,0.00692
21.16,0.00124
21.18,0.01582
21.20,0.00604
21.22,0.00039
21.24,0.00016
21.26,0.00019
21.28,0.00013
21.30,0.00013
21.32,0.00018
21.34,0.03619
21.36,0.06377
21.38,0.06764
21.40,0.06462
21.42,0.05552
21.44,0.01359
21.46,0.00116
21.48,0.02479
21.50,0.06126
21.52,0.04893
21.54,0.03171
21.56,0.01758
21.58,0.00644
21.60,0.00868
21.62,0.03995
21.64,0.06607
21.66,0.06572
21.68,0.06673
21.70,0.07360
21.72,0.08029
21.74,0.07790
21.76,0.07532
21.78,0.07395
21.80,0.04766
21.82,0.01987
21.84,0.00564
21.86,0.01579
21.88,0.04288
21.90,0.05927
21.92,0.04851
21.94,0.04169
21.96,0.03693
21.98,0.03679
22.00,0.03806
22.02,0.03989
22.04,0.04502
22.06,0.04141
22.08,0.05341
22.10,0.05661
22.12,0.04919
22.14,0.02873
22.16,0.01018
22.18,0.00085
22.20,0.00037
22.22,0.00018
22.24,0.03273
22.26,0.07248
22.28,0.08419
22.30,0.08273
22.32,0.08026
22.34,0.07788
22.36,0.07554
22.38,0.08358
22.40,0.08604
22.42,0.09147
22.44,0.07743
22.46,0.07810
22.48,0.07787
22.50,0.06667
22.52,0.04592
22.54,0.02726
22.56,0.03121
22.58,0.04223
22.60,0.04622
22.62,0.05149
22.64,0.03737
22.66,0.03424
22.68,0.02182
22.70,0.01881
22.72,0.01079
22.74,0.01318
22.76,0.00611
22.78,0.00778
22.80,0.00325
22.82,0.03423
22.84,0.04815
22.86,0.04398
22.88,0.05549
22.90,0.04940
22.92,0.03410
22.94,0.01959
22.96,0.00361
22.98,0.00033
23.00,0.00014
